-- phpMyAdmin SQL Dump
-- version 3.2.4
-- http://www.phpmyadmin.net
--
-- Host: localhost
-- Waktu pembuatan: 16. Juli 2013 jam 16:02
-- Versi Server: 5.1.44
-- Versi PHP: 5.3.1

SET SQL_MODE="NO_AUTO_VALUE_ON_ZERO";


/*!40101 SET @OLD_CHARACTER_SET_CLIENT=@@CHARACTER_SET_CLIENT */;
/*!40101 SET @OLD_CHARACTER_SET_RESULTS=@@CHARACTER_SET_RESULTS */;
/*!40101 SET @OLD_COLLATION_CONNECTION=@@COLLATION_CONNECTION */;
/*!40101 SET NAMES utf8 */;

--
-- Database: `db_sepak_bola`
--

-- --------------------------------------------------------

--
-- Struktur dari tabel `dlmbg_berita`
--

CREATE TABLE IF NOT EXISTS `dlmbg_berita` (
  `id_berita` int(5) NOT NULL AUTO_INCREMENT,
  `id_kategori` int(11) NOT NULL,
  `judul` varchar(150) NOT NULL,
  `isi` text NOT NULL,
  PRIMARY KEY (`id_berita`)
) ENGINE=MyISAM  DEFAULT CHARSET=latin1 AUTO_INCREMENT=11 ;

--
-- Dumping data untuk tabel `dlmbg_berita`
--

INSERT INTO `dlmbg_berita` (`id_berita`, `id_kategori`, `judul`, `isi`) VALUES
(2, 0, 'AMD Umuman APU E-Series Terbaru', 'di sini ane cuma mo pamer ato lagakin hasil karya ane aje hehehehe \r\nyaitu parodinye The Avengers, ane namain The Kaskusers, charnya ane ambil dari hero2 di sono trus ane kombinasiin ama smiley kaskus kita tercinta ini '),
(3, 0, 'Hadir di Indonesia, Xbox 360 Slim Dibanderol Rp 3,4 Juta', 'di sini ane cuma mo pamer ato lagakin hasil karya ane aje hehehehe \r\nyaitu parodinye The Avengers, ane namain The Kaskusers, charnya ane ambil dari hero2 di sono trus ane kombinasiin ama smiley kaskus kita tercinta ini '),
(5, 78520098, 'AMD Umuman APU E-Series Terbaru AMD Umuman APU E-Series Terbaru', '<p>CodeIgniter uses a modified version of the Active Record Database Pattern. This pattern allows information to be retrieved, inserted, and updated in your database with minimal scripting. In some cases only one or two lines of code are necessary to perform a database action. CodeIgniter does not require that each database table be its own class file. It instead provides a more simplified interface.&nbsp;</p><p>Beyond simplicity, a major benefit to using the Active Record features is that it allows you to create database independent applications, since the query syntax is generated by each database adapter. It also allows for safer queries, since the values are escaped automatically by the system.</p>'),
(6, 78520098, 'AMD Umuman APU E-Series Terbaru', '<p><span style="color: rgb(0, 0, 0); font-family: Arial; font-size: 12px; line-height: normal;">CodeIgniter uses a modified version of the Active Record Database Pattern. This pattern allows information to be retrieved, inserted, and updated in your database with minimal scripting. In some cases only one or two lines of code are necessary to</span></p>'),
(7, 78520098, 'AMD Umuman APU E-Series Terbaru', '<p><span style="color: rgb(0, 0, 0); font-family: Arial; font-size: 12px; line-height: normal;">CodeIgniter uses a modified version of the Active Record Database Pattern. This pattern allows information to be retrieved, inserted, and updated in your database with minimal scripting. In some cases only one or two lines of code are necessary to</span></p>'),
(8, 78520098, 'AMD Umuman APU E-Series Terbaru', '<p><span style="color: rgb(0, 0, 0); font-family: Arial; font-size: 12px; line-height: normal;">CodeIgniter uses a modified version of the Active Record Database Pattern. This pattern allows information to be retrieved, inserted, and updated in your database with minimal scripting. In some cases only one or two lines of code are necessary to</span></p>'),
(9, 78520098, 'AMD Umuman APU E-Series Terbaru', '<p><span style="color: rgb(0, 0, 0); font-family: Arial; font-size: 12px; line-height: normal;">CodeIgniter uses a modified version of the Active Record Database Pattern. This pattern allows information to be retrieved, inserted, and updated in your database with minimal scripting. In some cases only one or two lines of code are necessary to</span></p>'),
(10, 78520098, 'AMD Umuman APU E-Series Terbaru', '<p><span style="color: rgb(0, 0, 0); font-family: Arial; font-size: 12px; line-height: normal;">CodeIgniter uses a modified version of the Active Record Database Pattern. This pattern allows information to be retrieved, inserted, and updated in your database with minimal scripting. In some cases only one or two lines of code are necessary to</span></p>');

-- --------------------------------------------------------

--
-- Struktur dari tabel `dlmbg_buku_tamu`
--

CREATE TABLE IF NOT EXISTS `dlmbg_buku_tamu` (
  `id_buku_tamu` int(5) NOT NULL AUTO_INCREMENT,
  `nama` varchar(100) NOT NULL,
  `email` varchar(50) NOT NULL,
  `pesan` text NOT NULL,
  `st` int(1) NOT NULL,
  PRIMARY KEY (`id_buku_tamu`)
) ENGINE=InnoDB  DEFAULT CHARSET=latin1 AUTO_INCREMENT=5 ;

--
-- Dumping data untuk tabel `dlmbg_buku_tamu`
--

INSERT INTO `dlmbg_buku_tamu` (`id_buku_tamu`, `nama`, `email`, `pesan`, `st`) VALUES
(1, 'Adi Januardi', 'demo@demo.com', 'okeeehh', 1),
(2, 'ddd', 'demo@demo.com', 'dd', 1),
(3, 'Adi Januardi', 'gedesumawijaya@gmail.com', 'dsdsd', 0),
(4, 'dsdsd', 'go_blind_32@yahoo.com', 'dsdsd', 0);

-- --------------------------------------------------------

--
-- Struktur dari tabel `dlmbg_contact`
--

CREATE TABLE IF NOT EXISTS `dlmbg_contact` (
  `id_contact` int(10) NOT NULL AUTO_INCREMENT,
  `nama` varchar(150) NOT NULL,
  `email` varchar(100) NOT NULL,
  `alamat` varchar(150) NOT NULL,
  `telepon` varchar(100) NOT NULL,
  `pesan` text NOT NULL,
  PRIMARY KEY (`id_contact`)
) ENGINE=MyISAM  DEFAULT CHARSET=latin1 AUTO_INCREMENT=4 ;

--
-- Dumping data untuk tabel `dlmbg_contact`
--

INSERT INTO `dlmbg_contact` (`id_contact`, `nama`, `email`, `alamat`, `telepon`, `pesan`) VALUES
(3, 'asu', 'dd', '<p>dd</p>', 'dd', '<p>d</p>');

-- --------------------------------------------------------

--
-- Struktur dari tabel `dlmbg_galeri`
--

CREATE TABLE IF NOT EXISTS `dlmbg_galeri` (
  `id_galeri` int(5) NOT NULL AUTO_INCREMENT,
  `judul` varchar(100) NOT NULL,
  `gambar` varchar(100) NOT NULL,
  PRIMARY KEY (`id_galeri`)
) ENGINE=MyISAM  DEFAULT CHARSET=latin1 AUTO_INCREMENT=11 ;

--
-- Dumping data untuk tabel `dlmbg_galeri`
--

INSERT INTO `dlmbg_galeri` (`id_galeri`, `judul`, `gambar`) VALUES
(10, 'AMD Umuman APU E-Series Terbaru', '22578adf21c5a8a02169047051f2584f.jpg');

-- --------------------------------------------------------

--
-- Struktur dari tabel `dlmbg_jadwal`
--

CREATE TABLE IF NOT EXISTS `dlmbg_jadwal` (
  `id_jadwal` int(5) NOT NULL AUTO_INCREMENT,
  `id_team_1` int(5) NOT NULL,
  `id_team_2` int(5) NOT NULL,
  `tanggal` varchar(30) NOT NULL,
  `lapangan` varchar(100) NOT NULL,
  `id_wasit` int(5) NOT NULL,
  `alamat_lapangan` text NOT NULL,
  PRIMARY KEY (`id_jadwal`)
) ENGINE=MyISAM  DEFAULT CHARSET=latin1 AUTO_INCREMENT=4 ;

--
-- Dumping data untuk tabel `dlmbg_jadwal`
--

INSERT INTO `dlmbg_jadwal` (`id_jadwal`, `id_team_1`, `id_team_2`, `tanggal`, `lapangan`, `id_wasit`, `alamat_lapangan`) VALUES
(2, 1, 3, '2013-07-16', 'Puputan Badung', 2, 'Bali'),
(3, 3, 1, '2013-07-19', 'Margarana', 2, 'Klungkung');

-- --------------------------------------------------------

--
-- Struktur dari tabel `dlmbg_kabupaten`
--

CREATE TABLE IF NOT EXISTS `dlmbg_kabupaten` (
  `id_kabupaten` int(10) NOT NULL AUTO_INCREMENT,
  `nama_kabupaten` varchar(100) NOT NULL,
  PRIMARY KEY (`id_kabupaten`)
) ENGINE=InnoDB  DEFAULT CHARSET=latin1 AUTO_INCREMENT=2147483647 ;

--
-- Dumping data untuk tabel `dlmbg_kabupaten`
--

INSERT INTO `dlmbg_kabupaten` (`id_kabupaten`, `nama_kabupaten`) VALUES
(3, 'Ilebura'),
(4, 'Tanjung Bunga'),
(5, 'Lewolema'),
(6, 'Larantuka'),
(7, 'Ile Mandiri'),
(8, 'Demon Pagong'),
(9, 'Solor Barat'),
(10, 'Solor Timur'),
(11, 'Adonara Baratttt'),
(12, 'Wotanulumado'),
(13, 'Adonara Tengah'),
(14, 'Adonara Timur'),
(15, 'Ile Boleng'),
(16, 'Witihama'),
(17, 'Kelubagolit'),
(18, 'Adonara'),
(19, 'dddd'),
(2147483647, 'Klungkung');

-- --------------------------------------------------------

--
-- Struktur dari tabel `dlmbg_kategori`
--

CREATE TABLE IF NOT EXISTS `dlmbg_kategori` (
  `id_kategori` int(10) NOT NULL AUTO_INCREMENT,
  `nama_kategori` varchar(100) NOT NULL,
  PRIMARY KEY (`id_kategori`)
) ENGINE=MyISAM  DEFAULT CHARSET=latin1 AUTO_INCREMENT=78520100 ;

--
-- Dumping data untuk tabel `dlmbg_kategori`
--

INSERT INTO `dlmbg_kategori` (`id_kategori`, `nama_kategori`) VALUES
(78520098, 'Cuap-Cuap'),
(78520099, 'Kopok');

-- --------------------------------------------------------

--
-- Struktur dari tabel `dlmbg_klasemen`
--

CREATE TABLE IF NOT EXISTS `dlmbg_klasemen` (
  `id_klasemen` int(5) NOT NULL AUTO_INCREMENT,
  `nama` varchar(100) NOT NULL,
  `id_team` int(5) NOT NULL,
  `win` int(5) NOT NULL,
  `draw` int(5) NOT NULL,
  `lose` int(5) NOT NULL,
  `gol` int(5) NOT NULL,
  `kms` varchar(100) NOT NULL,
  `poin` int(5) NOT NULL,
  PRIMARY KEY (`id_klasemen`)
) ENGINE=MyISAM  DEFAULT CHARSET=latin1 AUTO_INCREMENT=4 ;

--
-- Dumping data untuk tabel `dlmbg_klasemen`
--

INSERT INTO `dlmbg_klasemen` (`id_klasemen`, `nama`, `id_team`, `win`, `draw`, `lose`, `gol`, `kms`, `poin`) VALUES
(1, 'Okok', 1, 7, 2, 3, 18, '9', 30),
(2, 'Ok', 1, 9, 1, 2, 16, '9', 28);

-- --------------------------------------------------------

--
-- Struktur dari tabel `dlmbg_menu`
--

CREATE TABLE IF NOT EXISTS `dlmbg_menu` (
  `id_menu` int(5) NOT NULL AUTO_INCREMENT,
  `id_parent` int(5) NOT NULL DEFAULT '0',
  `menu` varchar(50) NOT NULL,
  `url_route` varchar(100) NOT NULL,
  `content` text NOT NULL,
  `jenis` varchar(20) NOT NULL,
  `posisi` varchar(50) NOT NULL,
  PRIMARY KEY (`id_menu`)
) ENGINE=InnoDB  DEFAULT CHARSET=latin1 AUTO_INCREMENT=15 ;

--
-- Dumping data untuk tabel `dlmbg_menu`
--

INSERT INTO `dlmbg_menu` (`id_menu`, `id_parent`, `menu`, `url_route`, `content`, `jenis`, `posisi`) VALUES
(1, 0, 'Home', 'web', '', '', 'atas'),
(2, 0, 'Berita', 'web/berita', '', '', 'atas'),
(3, 0, 'Pengumuman', 'web/pengumuman', '', '', 'atas'),
(4, 0, 'Galeri', 'web/galeri', '', '', 'atas'),
(5, 0, 'Contact', 'web/contact', '', '', 'atas'),
(6, 0, 'Data Pemain', 'web/pemain', '', '', 'bawah'),
(7, 0, 'Data Team', 'web/team', '', '', 'bawah'),
(8, 0, 'Jadwal Pertandingan', 'web/jadwal', '', '', 'bawah'),
(9, 0, 'Data Wasit', 'web/wasit', '', '', 'bawah'),
(10, 0, 'Data Klasemen', 'web/klasemen', '', '', 'bawah'),
(11, 0, 'Profil', '', '', '', 'atas'),
(12, 0, 'Pendaftaran Team', 'web/pendaftaran', '', '', 'bawah'),
(13, 0, 'Buku Tamu', 'web/buku_tamu', '', '', 'atas'),
(14, 0, 'Log In', 'login', '', '', 'atas');

-- --------------------------------------------------------

--
-- Struktur dari tabel `dlmbg_pemain`
--

CREATE TABLE IF NOT EXISTS `dlmbg_pemain` (
  `id_pemain` int(5) NOT NULL AUTO_INCREMENT,
  `id_team` int(5) NOT NULL,
  `nama` varchar(100) NOT NULL,
  `keterangan` text NOT NULL,
  PRIMARY KEY (`id_pemain`)
) ENGINE=MyISAM  DEFAULT CHARSET=latin1 AUTO_INCREMENT=7 ;

--
-- Dumping data untuk tabel `dlmbg_pemain`
--

INSERT INTO `dlmbg_pemain` (`id_pemain`, `id_team`, `nama`, `keterangan`) VALUES
(1, 6, 'Bambang Pamungkas', '<p>Jossss</p>'),
(3, 9, 'Boas Salosa', ''),
(4, 9, 'Ortizan Solossa', ''),
(5, 6, 'Atep', ''),
(6, 11, 'Kurnia Mega', '');

-- --------------------------------------------------------

--
-- Struktur dari tabel `dlmbg_pendaftaran`
--

CREATE TABLE IF NOT EXISTS `dlmbg_pendaftaran` (
  `id_pendaftaran` int(10) NOT NULL AUTO_INCREMENT,
  `nama_team` varchar(100) NOT NULL,
  `tanggal` varchar(50) NOT NULL,
  `alamat` text NOT NULL,
  `promotor` varchar(100) NOT NULL,
  `keterangan` text NOT NULL,
  PRIMARY KEY (`id_pendaftaran`)
) ENGINE=MyISAM  DEFAULT CHARSET=latin1 AUTO_INCREMENT=4 ;

--
-- Dumping data untuk tabel `dlmbg_pendaftaran`
--

INSERT INTO `dlmbg_pendaftaran` (`id_pendaftaran`, `nama_team`, `tanggal`, `alamat`, `promotor`, `keterangan`) VALUES
(1, 'Persija Jack Mania', '2013-07-16', '<p>Bali</p>', 'Lumbung', '<p>OKOK</p>'),
(3, 'Persija Jack Mania', '2013-07-17', 'sas', 'sas', 'sasa');

-- --------------------------------------------------------

--
-- Struktur dari tabel `dlmbg_pengumuman`
--

CREATE TABLE IF NOT EXISTS `dlmbg_pengumuman` (
  `id_pengumuman` int(5) NOT NULL AUTO_INCREMENT,
  `judul` varchar(150) NOT NULL,
  `isi` text NOT NULL,
  PRIMARY KEY (`id_pengumuman`)
) ENGINE=MyISAM  DEFAULT CHARSET=latin1 AUTO_INCREMENT=5 ;

--
-- Dumping data untuk tabel `dlmbg_pengumuman`
--

INSERT INTO `dlmbg_pengumuman` (`id_pengumuman`, `judul`, `isi`) VALUES
(1, 'Hadir di Indonesia, Xbox 360 Slim Dibanderol Rp 3,4 Jutaaaaaa', '<p>ddd</p>'),
(2, 'AMD Umuman APU E-Series Terbaru', ''),
(3, 'Hadir di Indonesia, Xbox 360 Slim Dibanderol Rp 3,4 Juta', '');

-- --------------------------------------------------------

--
-- Struktur dari tabel `dlmbg_setting`
--

CREATE TABLE IF NOT EXISTS `dlmbg_setting` (
  `id_setting` int(10) NOT NULL AUTO_INCREMENT,
  `tipe` varchar(50) NOT NULL,
  `title` varchar(100) NOT NULL,
  `content_setting` text NOT NULL,
  PRIMARY KEY (`id_setting`)
) ENGINE=InnoDB  DEFAULT CHARSET=latin1 AUTO_INCREMENT=9 ;

--
-- Dumping data untuk tabel `dlmbg_setting`
--

INSERT INTO `dlmbg_setting` (`id_setting`, `tipe`, `title`, `content_setting`) VALUES
(1, 'site_title', 'Nama Situs', 'Website Sepak Bola'),
(2, 'site_footer', 'Teks Footer', 'Copyright &copy; 2013 Website Sepak Bola -&nbsp;Designed &amp; Developed by Gede Lumbung - http://gedelumbung.com'),
(3, 'site_quotes', 'Quotes Situs', 'Media Informasi Seputar Dunia Sepak Bola'),
(4, 'site_theme', 'Nama Tampilan', 'black-inverse'),
(5, 'key_login', 'Key Hash Login', 'AppBola'),
(6, 'site_limit_small', 'Limit Data Kecil', '5'),
(7, 'site_limit_medium', 'Limit Data Medium', '12'),
(8, 'site_welcome', 'Kata Sambutan', 'Kami Menyambut baik terbitnya Website SMAN 9 Pekanbaru yang baru , dengan harapan dipublikasinya website ini sekolah berharap : Peningkatan layanan pendidikan kepada siswa, orangtua, dan masyarakat pada umumnya semakin meningkat. Sebaliknya orangtua dapat mengakses informasi tentang kegiatan akademik dan non akademik putra - puterinya di sekolah ini. Dengan fasilitas ini Siswa dapat mengakses berbagai informasi pembelajaran dan informasi akademik.');

-- --------------------------------------------------------

--
-- Struktur dari tabel `dlmbg_team`
--

CREATE TABLE IF NOT EXISTS `dlmbg_team` (
  `id_team` int(5) NOT NULL AUTO_INCREMENT,
  `id_kabupaten` int(5) NOT NULL,
  `nama` varchar(100) NOT NULL,
  PRIMARY KEY (`id_team`)
) ENGINE=MyISAM  DEFAULT CHARSET=latin1 AUTO_INCREMENT=13 ;

--
-- Dumping data untuk tabel `dlmbg_team`
--

INSERT INTO `dlmbg_team` (`id_team`, `id_kabupaten`, `nama`) VALUES
(1, 13, 'Gentak-Gentak Jossss'),
(3, 3, 'Perdona'),
(4, 3, 'Pespa PadangSambian'),
(5, 3, 'Persija'),
(6, 3, 'Persib'),
(7, 3, 'Persewangi'),
(8, 3, 'Perseden'),
(9, 3, 'Persiwa'),
(10, 3, 'Persipura'),
(11, 3, 'Persebaya'),
(12, 3, 'Persegi Gianyar');

-- --------------------------------------------------------

--
-- Struktur dari tabel `dlmbg_user`
--

CREATE TABLE IF NOT EXISTS `dlmbg_user` (
  `kode_user` binary(24) NOT NULL,
  `username` varchar(100) NOT NULL,
  `password` varchar(100) NOT NULL,
  `nama_user` varchar(100) NOT NULL,
  PRIMARY KEY (`kode_user`)
) ENGINE=MyISAM DEFAULT CHARSET=latin1;

--
-- Dumping data untuk tabel `dlmbg_user`
--

INSERT INTO `dlmbg_user` (`kode_user`, `username`, `password`, `nama_user`) VALUES
('5e7b22acc62a11e291df14da', 'admin', '176d793476ed8ef48e6bc626f03c2222', 'Gede Lumbungg');

-- --------------------------------------------------------

--
-- Struktur dari tabel `dlmbg_wasit`
--

CREATE TABLE IF NOT EXISTS `dlmbg_wasit` (
  `id_wasit` int(5) NOT NULL AUTO_INCREMENT,
  `nama` varchar(100) NOT NULL,
  `keterangan` text NOT NULL,
  PRIMARY KEY (`id_wasit`)
) ENGINE=MyISAM  DEFAULT CHARSET=latin1 AUTO_INCREMENT=4 ;

--
-- Dumping data untuk tabel `dlmbg_wasit`
--

INSERT INTO `dlmbg_wasit` (`id_wasit`, `nama`, `keterangan`) VALUES
(3, 'Made Benjot', ''),
(2, 'Adi Januardi', '<p>sippp</p>');
